{
  "cbb": 2.42573726541555,
  "cbsd": 0.7840554592720971,
  "cgm": 1.4640776699029125,
  "cmd": 0.42558795860771403,
  "healthy": 3.576284584980237
}