{
  "img_size": 224,
  "batch_size": 32,
  "validation_split": 0.2,
  "classes": [
    "cbb",
    "cbsd",
    "cgm",
    "cmd",
    "healthy"
  ],
  "num_classes": 5,
  "n_train": 4524,
  "n_val": 1132,
  "class_weights": {
    "0": 2.42573726541555,
    "1": 0.7840554592720971,
    "2": 1.4640776699029125,
    "3": 0.42558795860771403,
    "4": 3.576284584980237
  },
  "imagenet_mean": [
    0.485,
    0.456,
    0.406
  ],
  "imagenet_std": [
    0.229,
    0.224,
    0.225
  ]
}